RSI_MIN_LONG,RSI_MAX_SHORT,MOM20_MIN,MOM60_MIN,MOM20_MAX_SHORT,MOM60_MAX_SHORT,SMA60_FILTER_ON,VOLR20_MIN,PVCORR_MIN,RELMOM_MIN,BETA_MAX,ALLOW_SHORT,REGIME_ON_MIN_BREADTH,REGIME_OFF_MAX_BREADTH,REGIME_BTC_SMA60_ON,REGIME_BTC_RSI_MIN,CLOSE_ALL_ON_REGIME_OFF,MAX_COINS,WEIGHTING,MAX_GROSS_EXPOSURE,FIXED_FRACTION_PER_TRADE,SL_ATR_MULT,TP_ATR_MULT,STOP_TP_PRIORITY,COOLDOWN_AFTER_EXIT,FEE_IN,FEE_OUT,SLIPPAGE,START,END,SYMBOLS,INITIAL_CAPITAL,cagr,vol,sharpe,mdd,final_equity
60,25,0.1,-0.3,0.02,0.02,False,1.0,0.2,0.02,2.0,False,0.5,0.35,True,50,True,1,equal,1.0,0.2,2.0,2.5,tp,True,0.0005,0.0005,0.0002,2020-10-18,2025-10-16,,1000000.0,0.2657599701695623,0.15697871337186847,1.5794054802510231,-0.1684838109341381,3249052.916672042
60,30,-0.3,-0.3,-0.02,0.0,False,1.5,0.1,0.0,2.0,False,0.5,0.4,True,50,False,3,equal,1.0,0.25,2.0,3.0,tp,True,0.0005,0.0005,0.0002,2020-10-18,2025-10-16,,1000000.0,0.5735299040541735,0.3195428189215135,1.5754960098953912,-0.2430473145959391,9646616.293620164
60,40,-0.2,-0.3,0.0,-0.02,True,1.5,0.2,0.0,2.0,False,0.45,0.45,True,45,False,2,inv_vol,1.0,0.3,2.0,3.0,stop,True,0.0005,0.0005,0.0002,2020-10-18,2025-10-16,,1000000.0,0.5635587189402271,0.33004317210225,1.5147173718191898,-0.34744312586797343,9344820.816711202
60,40,-0.2,0.0,0.0,0.02,True,1.5,0.1,0.0,2.0,False,0.55,0.4,True,50,False,3,inv_vol,1.0,0.15,2.0,3.5,tp,True,0.0005,0.0005,0.0002,2020-10-18,2025-10-16,,1000000.0,0.3293582506093595,0.20291056665026336,1.5033775599044918,-0.1869252425018686,4151549.0814281665
65,25,0.0,0.1,0.0,-0.02,False,1.5,0.2,0.0,1.5,False,0.55,0.4,False,45,False,3,inv_vol,1.0,0.2,2.0,3.0,tp,True,0.0005,0.0005,0.0002,2020-10-18,2025-10-16,,1000000.0,0.3226790782558542,0.2082804863204494,1.4440608342227628,-0.24588164970611937,4048297.4999785274
50,40,-0.3,0.1,-0.02,0.02,False,1.0,0.1,0.0,2.0,False,0.45,0.35,True,45,True,1,inv_vol,1.0,0.3,3.0,3.0,tp,True,0.0005,0.0005,0.0002,2020-10-18,2025-10-16,,1000000.0,0.4109669770065594,0.262557943165125,1.4384645274374526,-0.2071681577770429,5592219.983718253
60,35,-0.3,0.0,-0.02,0.0,True,1.5,0.0,0.0,2.0,False,0.45,0.4,False,60,True,1,equal,1.0,0.15,2.5,3.5,stop,True,0.0005,0.0005,0.0002,2020-10-18,2025-10-16,,1000000.0,0.14149281629549493,0.09610656310181864,1.4250726187050242,-0.1004327423050081,1938054.1781244308
60,35,-0.3,0.1,0.02,0.02,True,1.5,0.2,0.0,2.0,False,0.5,0.35,False,55,True,2,equal,1.0,0.15,2.0,3.0,tp,True,0.0005,0.0005,0.0002,2020-10-18,2025-10-16,,1000000.0,0.23662123532088142,0.15801141157177553,1.4220871316761012,-0.2067368318993258,2891901.521554929
55,25,0.1,0.0,0.0,0.02,True,1.5,0.0,0.0,2.0,False,0.5,0.35,True,50,False,2,inv_vol,1.0,0.2,2.0,3.0,tp,True,0.0005,0.0005,0.0002,2020-10-18,2025-10-16,,1000000.0,0.3519140393771991,0.23036695946771646,1.4219798788834084,-0.2445986853140304,4515911.171146074
60,25,0.0,-0.2,0.02,0.02,True,1.0,0.0,0.0,2.0,False,0.5,0.4,False,45,True,2,equal,1.0,0.3,3.0,3.5,tp,True,0.0005,0.0005,0.0002,2020-10-18,2025-10-16,,1000000.0,0.6027173701099668,0.3908648568487344,1.3969861546025755,-0.46263115713993086,10575105.75062116
55,30,0.0,0.1,0.0,0.02,True,1.5,0.2,0.0,2.0,False,0.6,0.45,False,60,True,3,inv_vol,1.0,0.15,3.0,3.5,stop,True,0.0005,0.0005,0.0002,2020-10-18,2025-10-16,,1000000.0,0.24616735549975766,0.16957859100992673,1.3817506870746363,-0.18354020407100635,3005258.620733279
65,35,-0.2,0.0,-0.02,-0.02,True,1.0,0.2,0.05,1.5,False,0.55,0.35,True,55,False,1,inv_vol,1.0,0.3,3.0,3.5,tp,True,0.0005,0.0005,0.0002,2020-10-18,2025-10-16,,1000000.0,0.3645988617870246,0.25572580718486887,1.3382081294566002,-0.33168800322014735,4731785.221181338
50,40,-0.3,0.1,-0.02,0.02,True,1.5,0.2,0.02,2.0,False,0.55,0.35,True,50,True,3,inv_vol,1.0,0.25,2.0,3.0,stop,True,0.0005,0.0005,0.0002,2020-10-18,2025-10-16,,1000000.0,0.3944819260361363,0.28079264993492836,1.3217435503495247,-0.297054327882327,5273081.072992149
55,40,0.0,-0.2,0.0,-0.02,True,1.0,0.1,0.02,2.0,False,0.45,0.4,False,45,False,3,inv_vol,1.0,0.2,3.0,3.5,tp,True,0.0005,0.0005,0.0002,2020-10-18,2025-10-16,,1000000.0,0.4461103953743022,0.316815344902816,1.3214223410639683,-0.3913959911574306,6324223.946345713
60,40,0.0,0.1,-0.02,0.0,True,1.5,0.0,0.0,1.5,False,0.45,0.4,True,60,False,1,inv_vol,1.0,0.3,2.0,3.5,tp,True,0.0005,0.0005,0.0002,2020-10-18,2025-10-16,,1000000.0,0.2538695177225305,0.18424960326832399,1.3190867513856614,-0.2139644442631835,3099286.4876352125
50,40,-0.2,-0.2,-0.02,-0.02,True,1.0,0.0,0.05,2.0,False,0.45,0.35,True,50,False,1,inv_vol,1.0,0.2,2.0,3.0,stop,True,0.0005,0.0005,0.0002,2020-10-18,2025-10-16,,1000000.0,0.23745771188030962,0.17360681843409287,1.3120573405365077,-0.18525188991315955,2901695.476710621
50,40,-0.2,0.1,0.02,0.02,False,1.0,0.1,0.05,1.5,False,0.6,0.45,False,50,False,2,equal,1.0,0.2,2.0,2.5,stop,True,0.0005,0.0005,0.0002,2020-10-18,2025-10-16,,1000000.0,0.33361758947854736,0.24164962806043308,1.309677665065314,-0.19060082595731576,4218485.6342132455
50,30,0.1,0.1,0.0,0.02,True,1.0,0.2,0.05,2.0,False,0.45,0.4,True,45,False,2,inv_vol,1.0,0.2,2.0,3.5,tp,True,0.0005,0.0005,0.0002,2020-10-18,2025-10-16,,1000000.0,0.2942272178633967,0.2145655744219949,1.3090907623550738,-0.20636969829866914,3631220.691270233
65,30,0.1,0.1,0.0,0.0,True,1.0,0.2,0.05,2.0,False,0.6,0.35,True,60,False,1,inv_vol,1.0,0.3,3.0,3.5,stop,True,0.0005,0.0005,0.0002,2020-10-18,2025-10-16,,1000000.0,0.34247023615958194,0.24866545785371602,1.3033612298973187,-0.23324410430028553,4360369.857580973
50,35,-0.3,-0.2,0.0,-0.02,True,1.0,0.1,0.02,1.5,False,0.5,0.35,False,45,False,3,equal,1.0,0.2,2.5,3.0,stop,True,0.0005,0.0005,0.0002,2020-10-18,2025-10-16,,1000000.0,0.39147542252784584,0.2842846767712085,1.3033207815551617,-0.44536308397403535,5216481.832744474
55,40,0.0,0.1,-0.02,0.02,True,1.5,0.2,0.0,3.0,False,0.5,0.45,False,50,False,2,inv_vol,1.0,0.25,3.0,3.5,tp,True,0.0005,0.0005,0.0002,2020-10-18,2025-10-16,,1000000.0,0.4100946896978783,0.2981326450306905,1.2977730602948734,-0.3292967900539995,5574955.246312081
50,30,0.1,-0.3,-0.02,-0.02,True,1.5,0.2,0.0,2.0,False,0.55,0.45,True,50,False,1,equal,1.0,0.2,3.0,3.5,tp,True,0.0005,0.0005,0.0002,2020-10-18,2025-10-16,,1000000.0,0.26228271537411785,0.19358938654430233,1.296815183086036,-0.174287178692753,3204668.983004376
60,35,0.0,0.0,0.02,0.0,False,1.0,0.1,0.0,2.0,False,0.55,0.4,True,55,True,2,inv_vol,1.0,0.3,2.5,2.5,tp,True,0.0005,0.0005,0.0002,2020-10-18,2025-10-16,,1000000.0,0.4499508672736092,0.3292602922905884,1.2922764980878674,-0.4622938606472775,6408648.178471619
55,25,-0.2,-0.2,-0.02,-0.02,True,1.5,0.0,0.0,3.0,False,0.45,0.4,False,55,False,3,equal,1.0,0.25,2.0,3.5,tp,True,0.0005,0.0005,0.0002,2020-10-18,2025-10-16,,1000000.0,0.43651515410981556,0.32196172279637714,1.2840125733899397,-0.2722829611932922,6117177.170997733
55,30,0.0,-0.3,0.02,0.0,True,1.5,0.2,0.0,2.0,False,0.55,0.35,True,55,False,2,inv_vol,1.0,0.3,2.0,3.5,tp,True,0.0005,0.0005,0.0002,2020-10-18,2025-10-16,,1000000.0,0.4049313004149626,0.3014424012779424,1.2757537461866932,-0.3178327223160914,5473630.051246403
60,40,0.0,-0.3,0.02,0.02,True,1.5,0.0,0.0,2.5,False,0.45,0.45,False,55,False,3,inv_vol,1.0,0.2,2.0,3.0,stop,True,0.0005,0.0005,0.0002,2020-10-18,2025-10-16,,1000000.0,0.3372404271590739,0.2547984355322256,1.2663242389291867,-0.21878350441543182,4276096.407114435
50,40,-0.2,0.1,0.0,-0.02,True,1.5,0.0,0.0,2.0,False,0.5,0.35,True,50,False,1,inv_vol,1.0,0.25,2.0,3.0,tp,True,0.0005,0.0005,0.0002,2020-10-18,2025-10-16,,1000000.0,0.2755143375036502,0.20914579837484956,1.264449415799935,-0.23480712580118568,3376188.7892166963
50,35,-0.2,-0.2,-0.02,0.02,True,1.0,0.2,0.02,2.0,False,0.5,0.4,True,60,False,1,inv_vol,1.0,0.25,3.0,3.0,stop,True,0.0005,0.0005,0.0002,2020-10-18,2025-10-16,,1000000.0,0.27693803783193194,0.21065541862168718,1.2631020413358356,-0.13145932892514167,3395073.0273134448
60,40,0.1,-0.2,-0.02,0.02,True,2.0,0.1,0.0,2.0,False,0.6,0.35,True,60,True,2,equal,1.0,0.25,2.0,3.5,tp,True,0.0005,0.0005,0.0002,2020-10-18,2025-10-16,,1000000.0,0.2595512205377919,0.19843292686342245,1.2613562098531244,-0.1830355617535594,3170145.280690072
55,40,-0.2,-0.2,0.02,0.02,True,1.5,0.2,0.02,1.5,False,0.5,0.45,False,60,True,3,inv_vol,1.0,0.2,2.0,3.5,stop,True,0.0005,0.0005,0.0002,2020-10-18,2025-10-16,,1000000.0,0.265360401797609,0.20378680423638995,1.255109341889481,-0.22488437346673673,3243927.9346692087
65,25,-0.2,-0.3,0.02,0.02,True,1.0,0.0,0.0,1.5,False,0.55,0.4,True,45,True,3,equal,1.0,0.3,3.0,2.5,tp,True,0.0005,0.0005,0.0002,2020-10-18,2025-10-16,,1000000.0,0.49827473666318234,0.3805895089809898,1.2529988879473144,-0.4092398830474737,7550179.614317263
60,40,-0.3,0.1,0.02,0.02,True,1.0,0.2,0.05,1.5,False,0.5,0.35,True,60,False,2,inv_vol,1.0,0.3,2.5,3.5,tp,True,0.0005,0.0005,0.0002,2020-10-18,2025-10-16,,1000000.0,0.35676375632694435,0.2748145118967795,1.2460027273666252,-0.2756027613995491,4597493.967776826
65,25,-0.3,-0.2,-0.02,0.02,True,1.0,0.0,0.0,1.5,False,0.5,0.35,False,55,True,3,inv_vol,1.0,0.3,3.0,3.0,stop,True,0.0005,0.0005,0.0002,2020-10-18,2025-10-16,,1000000.0,0.5219241273046848,0.40371521478710315,1.2385494654575717,-0.3914184921178012,8165165.843386322
50,30,0.0,-0.2,0.0,-0.02,True,1.0,0.1,0.02,2.0,False,0.55,0.45,True,60,False,2,equal,1.0,0.2,2.5,2.5,stop,True,0.0005,0.0005,0.0002,2020-10-18,2025-10-16,,1000000.0,0.25953985132141266,0.20300512083634503,1.2381079460185744,-0.2622723753600118,3170002.208235345
50,40,0.0,0.0,0.0,0.0,True,1.0,0.1,0.05,1.5,False,0.5,0.35,True,45,False,3,equal,1.0,0.15,2.5,3.0,stop,True,0.0005,0.0005,0.0002,2020-10-18,2025-10-16,,1000000.0,0.25754309659132035,0.20144082978706687,1.2375377563643875,-0.33182842857628625,3144954.6496976675
50,25,0.0,-0.2,0.0,0.02,True,1.0,0.0,0.0,2.5,False,0.55,0.35,False,50,True,3,inv_vol,1.0,0.3,3.0,3.5,tp,True,0.0005,0.0005,0.0002,2020-10-18,2025-10-16,,1000000.0,0.6039761919037836,0.4705478472588833,1.2359284929140597,-0.4611271433679125,10616701.049402447
65,30,-0.3,-0.3,0.02,0.0,True,1.5,0.1,0.0,2.0,False,0.6,0.45,True,50,True,2,equal,1.0,0.2,2.0,3.5,tp,True,0.0005,0.0005,0.0002,2020-10-18,2025-10-16,,1000000.0,0.24665476270967446,0.19440627051376705,1.2296444976041,-0.16892588844556977,3011140.378865697
50,30,-0.2,-0.3,-0.02,0.02,True,1.0,0.0,0.02,1.5,False,0.45,0.45,True,55,False,3,inv_vol,1.0,0.25,2.0,3.0,stop,True,0.0005,0.0005,0.0002,2020-10-18,2025-10-16,,1000000.0,0.4499209588519846,0.3523933166105629,1.2272769042642442,-0.3590543658946185,6407987.24350851
55,40,0.0,-0.2,-0.02,0.0,True,1.5,0.0,0.0,2.0,False,0.45,0.45,True,55,False,1,equal,1.0,0.15,2.0,3.5,tp,True,0.0005,0.0005,0.0002,2020-10-18,2025-10-16,,1000000.0,0.1608194164604717,0.12820075257572294,1.2260592022893035,-0.17285940290565127,2107770.4840159738
50,25,0.1,0.0,0.02,0.02,True,1.0,0.0,0.0,1.5,False,0.6,0.45,False,55,True,3,inv_vol,1.0,0.2,2.0,3.0,tp,True,0.0005,0.0005,0.0002,2020-10-18,2025-10-16,,1000000.0,0.3321590661916394,0.26212117354997566,1.2241397431773227,-0.26370622493928253,4195468.105626134
50,40,0.0,-0.3,-0.02,-0.02,True,1.2,0.0,0.0,1.5,False,0.6,0.4,True,50,False,1,equal,1.0,0.25,3.0,3.0,stop,True,0.0005,0.0005,0.0002,2020-10-18,2025-10-16,,1000000.0,0.24832204945043412,0.19718532137495956,1.223818677911223,-0.18410144737853673,3031329.934524689
60,35,-0.2,0.1,0.0,0.02,True,1.5,0.2,0.02,2.0,False,0.6,0.35,True,50,False,3,equal,1.0,0.2,2.5,3.5,tp,True,0.0005,0.0005,0.0002,2020-10-18,2025-10-16,,1000000.0,0.311428872854312,0.2459422118317812,1.222936265722022,-0.23730046246952374,3879035.0610978846
50,25,-0.2,-0.2,0.0,-0.02,False,1.2,0.1,0.05,1.5,False,0.55,0.35,True,60,False,1,equal,1.0,0.25,3.0,3.0,stop,True,0.0005,0.0005,0.0002,2020-10-18,2025-10-16,,1000000.0,0.21039864694158883,0.16796826199060844,1.2207665864711863,-0.196820182848358,2598017.9519971823
65,30,-0.2,0.0,0.0,-0.02,True,1.0,0.0,0.0,2.5,False,0.45,0.35,True,55,False,2,inv_vol,1.0,0.15,2.5,2.5,tp,True,0.0005,0.0005,0.0002,2020-10-18,2025-10-16,,1000000.0,0.1944337846508648,0.15560663320177215,1.219796011386497,-0.23153507699505194,2431142.3836155063
55,25,0.0,0.0,0.0,0.0,True,1.0,0.0,0.0,2.5,False,0.55,0.45,True,50,True,2,inv_vol,1.0,0.25,2.5,2.5,tp,True,0.0005,0.0005,0.0002,2020-10-18,2025-10-16,,1000000.0,0.36230906989888867,0.28856194818453074,1.2154443491988456,-0.41812555774312066,4692218.638060303
50,30,0.0,0.1,0.0,0.02,True,1.5,0.2,0.02,2.0,False,0.45,0.35,True,60,False,2,equal,1.0,0.3,2.5,3.5,stop,True,0.0005,0.0005,0.0002,2020-10-18,2025-10-16,,1000000.0,0.3655950717178913,0.29093356543667204,1.212642224747582,-0.3141467765517898,4749082.388774901
55,35,0.1,-0.2,-0.02,0.0,True,1.0,0.0,0.0,2.0,False,0.55,0.35,False,50,True,2,inv_vol,1.0,0.25,2.0,2.5,stop,True,0.0005,0.0005,0.0002,2020-10-18,2025-10-16,,1000000.0,0.35187510770535546,0.282290995441472,1.2087934267162588,-0.3139183261935802,4515260.975049692
50,30,-0.3,0.1,0.02,-0.02,False,1.5,0.1,0.02,2.0,False,0.5,0.45,True,50,True,1,equal,1.0,0.3,2.0,2.5,stop,True,0.0005,0.0005,0.0002,2020-10-18,2025-10-16,,1000000.0,0.31746604696413083,0.2537868289095186,1.2084002953849753,-0.18202480043646174,3969146.7671236293
55,35,0.1,0.1,0.02,0.02,True,1.5,0.2,0.0,2.5,False,0.6,0.45,True,45,True,3,inv_vol,1.0,0.3,3.0,3.5,stop,True,0.0005,0.0005,0.0002,2020-10-18,2025-10-16,,1000000.0,0.45030044788477075,0.36119056444433206,1.2048079593824446,-0.3614193885351584,6416377.473793635
50,25,0.1,-0.3,0.0,0.0,True,1.0,0.0,0.05,1.5,False,0.45,0.45,True,60,False,1,inv_vol,1.0,0.3,2.0,2.5,stop,True,0.0005,0.0005,0.0002,2020-10-18,2025-10-16,,1000000.0,0.24564215785157817,0.19921971858566614,1.2021759824129887,-0.2346079522503941,2998931.120188842
65,30,-0.2,-0.3,-0.02,0.02,True,2.0,0.1,0.0,2.0,False,0.45,0.35,True,55,False,2,equal,1.0,0.2,3.0,3.5,stop,True,0.0005,0.0005,0.0002,2020-10-18,2025-10-16,,1000000.0,0.2546440518314512,0.20600815775344025,1.201158234439767,-0.1940659123262637,3108870.7009462416
55,30,0.0,0.1,-0.02,0.0,True,1.0,0.1,0.02,1.5,False,0.5,0.45,True,50,False,2,equal,1.0,0.2,3.0,3.0,tp,True,0.0005,0.0005,0.0002,2020-10-18,2025-10-16,,1000000.0,0.3135107361117331,0.2533406330966692,1.1998806469928875,-0.23472289788329692,3909922.3672846663
55,30,0.0,0.0,0.02,-0.02,True,1.0,0.0,0.0,2.0,False,0.6,0.35,True,60,True,1,inv_vol,1.0,0.3,3.0,2.5,stop,True,0.0005,0.0005,0.0002,2020-10-18,2025-10-16,,1000000.0,0.23903364051590992,0.1944061383754081,1.1994102997013307,-0.29092574393824233,2920219.451603261
65,30,0.0,0.1,0.0,0.02,True,1.5,0.2,0.02,3.0,False,0.6,0.35,True,55,False,3,equal,1.0,0.15,2.0,3.0,tp,True,0.0005,0.0005,0.0002,2020-10-18,2025-10-16,,1000000.0,0.19137445198057645,0.1564414168430957,1.1964198808421989,-0.17118065885226164,2400166.7435810277
50,25,-0.3,0.0,0.0,0.02,True,1.2,0.2,0.05,1.5,False,0.5,0.4,True,60,False,1,equal,1.0,0.3,3.0,2.5,tp,True,0.0005,0.0005,0.0002,2020-10-18,2025-10-16,,1000000.0,0.24034799853583344,0.19617772730610103,1.1962159515457165,-0.2769774249471352,2935741.0866609775
55,30,0.1,0.0,-0.02,0.0,True,1.5,0.0,0.0,3.0,False,0.5,0.45,True,45,False,3,equal,1.0,0.15,2.0,3.0,tp,True,0.0005,0.0005,0.0002,2020-10-18,2025-10-16,,1000000.0,0.2370005122692045,0.19332830913734844,1.195913026880484,-0.2134444998952938,2896339.0346944765
65,30,-0.3,-0.2,-0.02,-0.02,True,1.5,0.0,0.0,1.5,False,0.55,0.35,True,50,False,3,equal,1.0,0.25,2.0,2.5,tp,True,0.0005,0.0005,0.0002,2020-10-18,2025-10-16,,1000000.0,0.3364708376683778,0.2734431236313331,1.1943844347745407,-0.30144964043698375,4263805.9723669635
55,30,-0.3,0.0,0.02,-0.02,True,1.0,0.2,0.02,1.5,False,0.55,0.4,True,50,True,1,inv_vol,1.0,0.2,2.5,3.0,stop,True,0.0005,0.0005,0.0002,2020-10-18,2025-10-16,,1000000.0,0.20053679039365835,0.16404419245708082,1.1942865153862472,-0.14101058883107098,2493890.4241562905
60,25,-0.2,-0.3,0.02,-0.02,True,1.0,0.0,0.02,2.0,False,0.55,0.35,False,55,False,2,equal,1.0,0.15,3.0,3.0,stop,True,0.0005,0.0005,0.0002,2020-10-18,2025-10-16,,1000000.0,0.22990435307750023,0.18791462235230944,1.1934329370399754,-0.23070988467820785,2814211.2393844393
60,30,-0.3,-0.3,-0.02,0.0,False,1.0,0.1,0.05,1.5,False,0.6,0.4,False,50,True,3,inv_vol,1.0,0.25,3.0,3.5,stop,True,0.0005,0.0005,0.0002,2020-10-18,2025-10-16,,1000000.0,0.42517328375232477,0.3462372174094783,1.1931406859299796,-0.4884915372640196,5879472.487078079
55,35,0.0,-0.3,-0.02,0.02,True,1.0,0.0,0.02,2.0,False,0.55,0.45,False,55,True,2,equal,1.0,0.25,2.0,3.0,tp,True,0.0005,0.0005,0.0002,2020-10-18,2025-10-16,,1000000.0,0.3370199809148069,0.27451380649691254,1.192799210766411,-0.2840128299328366,4272572.962000847
60,40,0.0,-0.3,0.02,-0.02,True,1.5,0.0,0.05,2.0,False,0.55,0.4,True,50,False,2,inv_vol,1.0,0.15,2.0,3.0,tp,True,0.0005,0.0005,0.0002,2020-10-18,2025-10-16,,1000000.0,0.2068830609242427,0.16952883925393084,1.1927388784802742,-0.19615431541475759,2560506.9513192186
55,35,-0.2,0.0,-0.02,0.0,True,1.5,0.0,0.0,2.0,False,0.5,0.4,True,50,False,1,equal,1.0,0.2,3.0,3.5,stop,True,0.0005,0.0005,0.0002,2020-10-18,2025-10-16,,1000000.0,0.24303464550617093,0.1984067365701353,1.1923422574111469,-0.19613380917255274,2967673.8283426445
50,35,-0.3,0.1,0.02,0.0,False,1.5,0.2,0.0,1.5,False,0.55,0.45,True,50,False,2,inv_vol,1.0,0.25,2.0,2.5,stop,True,0.0005,0.0005,0.0002,2020-10-18,2025-10-16,,1000000.0,0.31485232011404496,0.2565486620383259,1.1921322582424985,-0.26506255647028865,3929930.6371168927
60,30,-0.2,-0.2,0.0,0.02,True,1.5,0.1,0.0,2.0,False,0.45,0.45,False,60,True,1,equal,1.0,0.25,2.5,3.5,tp,True,0.0005,0.0005,0.0002,2020-10-18,2025-10-16,,1000000.0,0.19329880991765958,0.15887252928599568,1.191707091970374,-0.165990957353926,2419613.714806991
55,35,0.1,0.0,0.0,-0.02,False,1.0,0.1,0.0,1.5,False,0.55,0.4,True,55,False,2,inv_vol,1.0,0.2,2.5,2.5,stop,True,0.0005,0.0005,0.0002,2020-10-18,2025-10-16,,1000000.0,0.2541487917108587,0.20837533753391232,1.1909438206792484,-0.17158125481640285,3102739.541320059
65,40,-0.3,0.0,-0.02,0.02,True,1.0,0.1,0.02,1.5,False,0.5,0.4,True,50,True,1,equal,1.0,0.25,2.5,3.5,stop,True,0.0005,0.0005,0.0002,2020-10-18,2025-10-16,,1000000.0,0.26274981176967627,0.21458888738706702,1.1907810063355697,-0.20687395152197952,3210602.6678422806
60,30,0.1,-0.3,0.0,-0.02,True,1.0,0.1,0.02,2.0,False,0.45,0.35,True,50,True,1,inv_vol,1.0,0.25,2.5,3.5,tp,True,0.0005,0.0005,0.0002,2020-10-18,2025-10-16,,1000000.0,0.28832047028712715,0.23544511009472116,1.1902486988683008,-0.2948083217346127,3549110.6300052265
60,35,-0.2,0.1,0.02,0.02,True,1.2,0.1,0.0,1.5,False,0.5,0.35,True,50,True,1,equal,1.0,0.2,2.5,3.0,tp,True,0.0005,0.0005,0.0002,2020-10-18,2025-10-16,,1000000.0,0.17150494805645944,0.14159018261197123,1.188939288772628,-0.148437719962073,2206584.8713934463
65,40,0.0,-0.2,0.02,0.0,True,1.0,0.1,0.0,2.5,False,0.5,0.35,True,55,False,1,inv_vol,1.0,0.25,3.0,3.5,stop,True,0.0005,0.0005,0.0002,2020-10-18,2025-10-16,,1000000.0,0.2597855789536263,0.21307818901085118,1.187090106462449,-0.20313057138670543,3173095.6440391922
60,25,0.1,-0.2,-0.02,0.02,True,1.5,0.1,0.05,2.0,False,0.45,0.4,True,45,False,3,equal,1.0,0.15,2.0,3.5,tp,True,0.0005,0.0005,0.0002,2020-10-18,2025-10-16,,1000000.0,0.2247868043792116,0.18539952391274572,1.185072095486413,-0.23417257324530838,2756147.739046356
65,40,0.0,-0.2,0.02,0.02,True,1.0,0.1,0.02,2.0,False,0.45,0.35,False,60,False,1,inv_vol,1.0,0.25,2.5,3.5,stop,True,0.0005,0.0005,0.0002,2020-10-18,2025-10-16,,1000000.0,0.2670298309201846,0.2199824173063387,1.1821161325222775,-0.19697576048900978,3265383.5465134215
50,35,-0.2,0.1,-0.02,0.02,False,1.5,0.2,0.05,2.0,False,0.55,0.45,True,45,True,3,inv_vol,1.0,0.2,3.0,3.5,tp,True,0.0005,0.0005,0.0002,2020-10-18,2025-10-16,,1000000.0,0.30420223094565824,0.25060862172772247,1.1821038544074198,-0.28981197984061347,3773329.1777570937
55,40,-0.3,0.0,-0.02,0.0,True,1.2,0.2,0.05,2.0,False,0.45,0.45,True,45,False,1,equal,1.0,0.15,3.0,3.5,stop,True,0.0005,0.0005,0.0002,2020-10-18,2025-10-16,,1000000.0,0.15114973129134368,0.12598773891420664,1.1803941539070326,-0.1563723821726195,2021431.74785494
50,35,0.1,0.1,0.02,-0.02,True,1.5,0.2,0.0,1.5,False,0.6,0.4,True,55,True,3,inv_vol,1.0,0.25,2.5,3.5,stop,True,0.0005,0.0005,0.0002,2020-10-18,2025-10-16,,1000000.0,0.3513966200128531,0.2909039609572701,1.17594659466087,-0.3539000031784064,4507275.88846366
55,35,0.0,0.0,0.02,0.0,True,1.5,0.2,0.02,2.5,False,0.55,0.45,True,45,False,2,equal,1.0,0.2,2.0,3.0,tp,True,0.0005,0.0005,0.0002,2020-10-18,2025-10-16,,1000000.0,0.2459190021522477,0.2050588177275177,1.1734731399823484,-0.18003787725275544,3002265.1680383803
50,40,0.0,0.0,0.02,0.02,True,1.0,0.2,0.0,1.5,False,0.5,0.45,False,55,True,2,equal,1.0,0.2,3.0,3.5,stop,True,0.0005,0.0005,0.0002,2020-10-18,2025-10-16,,1000000.0,0.2812006012224897,0.23416518345021453,1.1728001678755928,-0.273267705269681,3452118.2912559854
60,35,-0.2,-0.2,0.0,0.0,True,1.0,0.1,0.0,2.5,False,0.55,0.35,True,55,True,3,inv_vol,1.0,0.2,3.0,2.5,stop,True,0.0005,0.0005,0.0002,2020-10-18,2025-10-16,,1000000.0,0.32905628617816274,0.2751630280842193,1.1719980275897035,-0.29045753912986505,4146836.090160497
60,40,-0.3,0.1,0.0,-0.02,True,1.0,0.1,0.02,2.0,False,0.55,0.45,True,55,True,2,inv_vol,1.0,0.2,3.0,3.5,stop,True,0.0005,0.0005,0.0002,2020-10-18,2025-10-16,,1000000.0,0.29202713728293306,0.24378898494335183,1.1702510744584538,-0.22508177602288415,3600461.5520397043
60,30,-0.3,-0.2,-0.02,-0.02,False,1.0,0.1,0.0,2.0,False,0.55,0.4,True,55,True,3,equal,1.0,0.25,2.5,3.5,tp,True,0.0005,0.0005,0.0002,2020-10-18,2025-10-16,,1000000.0,0.44860439559930976,0.37618303690500027,1.1698313971612884,-0.43735920917534565,6378946.993921796
60,25,-0.3,0.1,0.0,0.0,True,1.5,0.1,0.0,1.5,False,0.6,0.45,True,55,True,3,equal,1.0,0.15,3.0,3.0,stop,True,0.0005,0.0005,0.0002,2020-10-18,2025-10-16,,1000000.0,0.22061397969163576,0.1848827728098296,1.169178926785591,-0.24826198068023397,2709515.864017387
55,40,0.0,-0.2,-0.02,0.02,True,1.5,0.1,0.0,3.0,False,0.5,0.45,True,50,False,2,inv_vol,1.0,0.15,3.0,3.0,tp,True,0.0005,0.0005,0.0002,2020-10-18,2025-10-16,,1000000.0,0.1930210326828945,0.1629912753990003,1.1643110466376987,-0.17216546886263484,2416798.825679248
65,30,-0.2,-0.3,-0.02,-0.02,False,1.0,0.2,0.02,2.0,False,0.55,0.35,True,55,False,1,equal,1.0,0.3,2.0,3.0,stop,True,0.0005,0.0005,0.0002,2020-10-18,2025-10-16,,1000000.0,0.29814167236516,0.25000682153493925,1.1638348601138402,-0.24050658579851536,3686467.914625886
50,30,0.0,-0.2,0.02,0.0,False,1.5,0.1,0.0,3.0,False,0.5,0.35,True,60,False,3,equal,1.0,0.15,2.0,3.5,stop,True,0.0005,0.0005,0.0002,2020-10-18,2025-10-16,,1000000.0,0.20329169714375528,0.17170159591289155,1.1635166394261414,-0.2136094364047224,2522636.0637549055
55,25,0.0,-0.3,0.0,-0.02,True,1.0,0.1,0.05,2.5,False,0.5,0.35,True,50,False,2,equal,1.0,0.2,2.5,2.5,tp,True,0.0005,0.0005,0.0002,2020-10-18,2025-10-16,,1000000.0,0.2995372340941209,0.25252174864846344,1.1624069048737018,-0.29828227059028767,3706326.174732232
55,40,0.1,-0.2,0.0,0.0,True,1.0,0.1,0.0,2.5,False,0.5,0.35,True,55,False,1,inv_vol,1.0,0.25,3.0,3.0,tp,True,0.0005,0.0005,0.0002,2020-10-18,2025-10-16,,1000000.0,0.2635383477627127,0.22202291371559424,1.162352965528756,-0.20313057138670554,3220639.650512334
50,40,-0.2,-0.2,0.0,-0.02,True,1.0,0.0,0.02,1.5,False,0.5,0.45,True,55,True,1,equal,1.0,0.15,3.0,3.5,stop,True,0.0005,0.0005,0.0002,2020-10-18,2025-10-16,,1000000.0,0.15678402374931144,0.13319242155331926,1.159026208709227,-0.13010197168939963,2071387.780474597
50,30,0.1,-0.3,-0.02,0.0,False,1.0,0.2,0.05,2.0,False,0.55,0.4,False,60,False,3,equal,1.0,0.3,2.0,3.5,tp,True,0.0005,0.0005,0.0002,2020-10-18,2025-10-16,,1000000.0,0.4264930447350661,0.3639200391215575,1.1568060342564885,-0.3448874417204947,5906745.952458322
65,25,-0.2,0.0,0.02,0.02,True,1.0,0.2,0.05,1.5,False,0.45,0.35,True,55,True,2,inv_vol,1.0,0.3,2.5,3.5,stop,True,0.0005,0.0005,0.0002,2020-10-18,2025-10-16,,1000000.0,0.3668971756905903,0.31194315806464745,1.152289087507968,-0.33512381507220146,4771767.015462644
50,30,-0.3,-0.2,-0.02,0.02,True,1.0,0.1,0.02,1.5,False,0.45,0.35,True,55,True,1,equal,1.0,0.2,2.5,3.0,stop,True,0.0005,0.0005,0.0002,2020-10-18,2025-10-16,,1000000.0,0.19497438175893733,0.16693113038747506,1.1487060474401845,-0.14323857958620345,2436649.0042640218
55,25,-0.2,0.1,-0.02,0.02,True,1.5,0.1,0.02,1.5,False,0.5,0.35,True,50,True,3,inv_vol,1.0,0.15,2.0,2.5,tp,True,0.0005,0.0005,0.0002,2020-10-18,2025-10-16,,1000000.0,0.19111288815686578,0.16384494361346666,1.1481039284791192,-0.21861251239335266,2397533.1417463413
50,30,-0.2,0.1,0.02,0.02,True,1.0,0.2,0.0,1.5,False,0.45,0.35,False,50,True,1,inv_vol,1.0,0.2,2.5,3.0,stop,True,0.0005,0.0005,0.0002,2020-10-18,2025-10-16,,1000000.0,0.1902836112608597,0.16327482372127963,1.1466595377806976,-0.13437908899979822,2389198.699595576
50,25,-0.3,0.1,0.0,0.02,True,1.5,0.1,0.0,1.5,False,0.55,0.4,True,55,False,2,equal,1.0,0.25,2.0,3.5,stop,True,0.0005,0.0005,0.0002,2020-10-18,2025-10-16,,1000000.0,0.3005272005353341,0.2577494852523987,1.145697727312837,-0.2633949402624056,3720464.7960723876
65,35,-0.2,-0.2,0.0,-0.02,True,1.0,0.1,0.0,2.0,False,0.6,0.35,True,55,False,3,inv_vol,1.0,0.25,2.0,3.0,tp,True,0.0005,0.0005,0.0002,2020-10-18,2025-10-16,,1000000.0,0.36842188599550485,0.3173398920073874,1.145297533286692,-0.36183655133785564,4798439.876046492
60,30,-0.2,0.0,0.0,-0.02,False,1.5,0.2,0.05,1.5,False,0.45,0.45,True,55,False,3,equal,1.0,0.15,2.0,3.5,tp,True,0.0005,0.0005,0.0002,2020-10-18,2025-10-16,,1000000.0,0.19693809110549387,0.16922260482901197,1.1450566342689787,-0.17296108068248295,2456735.720681984
65,30,0.1,-0.3,-0.02,0.0,False,1.0,0.1,0.02,2.0,False,0.45,0.35,False,50,False,1,equal,1.0,0.15,2.0,3.0,tp,True,0.0005,0.0005,0.0002,2020-10-18,2025-10-16,,1000000.0,0.15113967465466538,0.13020430867478294,1.1449965891299316,-0.15901875455825254,2021343.451567685
50,30,0.0,0.1,-0.02,0.0,True,1.5,0.1,0.0,2.0,False,0.45,0.35,True,55,True,3,inv_vol,1.0,0.2,2.0,2.5,stop,True,0.0005,0.0005,0.0002,2020-10-18,2025-10-16,,1000000.0,0.2779398349228195,0.23930404935895497,1.1428154517817983,-0.2663228010645492,3408411.6350644445
55,40,0.1,0.0,-0.02,0.02,True,1.5,0.0,0.05,2.0,False,0.45,0.35,False,45,True,1,equal,1.0,0.2,2.0,2.5,tp,True,0.0005,0.0005,0.0002,2020-10-18,2025-10-16,,1000000.0,0.19856617171139335,0.1715420618041648,1.1392582771845225,-0.13699536858607497,2473489.551203741
50,30,0.0,0.1,0.0,0.02,True,1.0,0.2,0.02,2.0,False,0.5,0.4,False,50,False,1,inv_vol,1.0,0.2,2.0,3.0,stop,True,0.0005,0.0005,0.0002,2020-10-18,2025-10-16,,1000000.0,0.1966552311567189,0.170220903152608,1.1377777382993381,-0.14804233282810564,2453834.218172637
50,35,0.1,-0.3,0.0,0.0,True,1.0,0.0,0.0,2.5,False,0.45,0.35,True,45,True,3,equal,1.0,0.3,2.5,3.0,tp,True,0.0005,0.0005,0.0002,2020-10-18,2025-10-16,,1000000.0,0.53473832148159,0.4778139725071867,1.1354044666321914,-0.4419604133898841,8514745.7918312
50,35,0.0,0.1,-0.02,-0.02,True,1.0,0.1,0.05,1.5,False,0.6,0.4,True,55,False,1,inv_vol,1.0,0.3,3.0,2.5,stop,True,0.0005,0.0005,0.0002,2020-10-18,2025-10-16,,1000000.0,0.25118700698294005,0.21909638910340012,1.1328879871810456,-0.25037663721910386,3066275.189229121
65,35,0.1,-0.2,0.0,0.0,False,1.2,0.1,0.0,2.0,False,0.45,0.4,True,55,True,3,inv_vol,1.0,0.3,2.0,3.5,tp,True,0.0005,0.0005,0.0002,2020-10-18,2025-10-16,,1000000.0,0.43453598484279476,0.3823026024514276,1.131291346933205,-0.35591149824131774,6075153.200229148
55,25,0.1,-0.3,-0.02,0.02,True,1.5,0.1,0.0,2.0,True,0.45,0.45,True,50,False,3,inv_vol,1.0,0.15,2.0,3.0,tp,True,0.0005,0.0005,0.0002,2020-10-18,2025-10-16,,1000000.0,0.2493116421455277,0.21757678439696518,1.1309787966177567,-0.23932022088279603,3043364.2561841235
65,30,0.1,-0.3,0.02,0.0,True,1.0,0.1,0.05,1.5,False,0.6,0.35,False,45,True,1,inv_vol,1.0,0.2,3.0,2.5,tp,True,0.0005,0.0005,0.0002,2020-10-18,2025-10-16,,1000000.0,0.16006091622681407,0.14046316611810825,1.127165596714139,-0.22470522431578088,2100893.2021142244
65,35,0.1,-0.3,-0.02,0.0,False,1.5,0.1,0.05,2.0,False,0.55,0.4,False,50,True,2,equal,1.0,0.15,2.0,3.0,tp,True,0.0005,0.0005,0.0002,2020-10-18,2025-10-16,,1000000.0,0.18096778302256422,0.1588508452192995,1.125270119053203,-0.16588960115043716,2297154.739132649
60,35,0.1,-0.3,0.0,0.02,True,2.0,0.2,0.0,2.0,False,0.45,0.35,True,55,False,3,inv_vol,1.0,0.25,2.0,3.5,stop,True,0.0005,0.0005,0.0002,2020-10-18,2025-10-16,,1000000.0,0.28785630683444974,0.2528820834025735,1.122864422039419,-0.2927594086322529,3542721.7661175877
60,35,-0.2,-0.2,0.02,0.02,True,1.0,0.0,0.05,2.0,False,0.45,0.4,False,50,False,3,inv_vol,1.0,0.15,2.0,3.0,stop,True,0.0005,0.0005,0.0002,2020-10-18,2025-10-16,,1000000.0,0.2388446455681268,0.21058487623165,1.1222882122849067,-0.334497748475152,2917992.9649238046
65,35,0.1,0.1,-0.02,0.0,True,1.5,0.1,0.02,2.5,False,0.55,0.4,False,55,False,3,inv_vol,1.0,0.25,2.0,3.5,tp,True,0.0005,0.0005,0.0002,2020-10-18,2025-10-16,,1000000.0,0.3202602433880619,0.2828468411344628,1.1206310869715963,-0.3624530152323375,4011416.2408651235
65,40,0.1,-0.2,0.0,0.0,True,1.2,0.1,0.0,2.5,False,0.6,0.45,True,55,False,2,inv_vol,1.0,0.25,2.0,2.5,tp,True,0.0005,0.0005,0.0002,2020-10-18,2025-10-16,,1000000.0,0.2837426069680009,0.2507700126284608,1.1198396310704584,-0.23405951336404163,3486500.8676834665
65,40,0.0,-0.3,-0.02,0.0,True,1.5,0.2,0.0,2.0,False,0.45,0.4,True,55,True,3,equal,1.0,0.2,2.5,3.0,tp,True,0.0005,0.0005,0.0002,2020-10-18,2025-10-16,,1000000.0,0.26369868871908575,0.23361868062037,1.1166022371132742,-0.2629046961131092,3222683.6388091343
50,25,0.0,-0.3,0.02,0.02,False,1.5,0.2,0.0,2.0,False,0.5,0.4,False,60,True,2,inv_vol,1.0,0.2,3.0,3.0,tp,True,0.0005,0.0005,0.0002,2020-10-18,2025-10-16,,1000000.0,0.22153515252876854,0.19680017553850115,1.1138018036727568,-0.2624543629847582,2719755.3933096416
60,25,0.1,-0.2,0.02,-0.02,False,1.0,0.0,0.0,2.0,False,0.45,0.45,True,60,True,1,inv_vol,1.0,0.15,2.5,2.5,stop,True,0.0005,0.0005,0.0002,2020-10-18,2025-10-16,,1000000.0,0.10856227770357285,0.09674825503311206,1.1136317649150598,-0.14224347926397218,1674173.5696813806
65,25,0.1,-0.3,0.0,0.02,False,1.5,0.0,0.05,2.0,False,0.55,0.45,False,50,True,2,inv_vol,1.0,0.15,2.0,3.0,stop,True,0.0005,0.0005,0.0002,2020-10-18,2025-10-16,,1000000.0,0.17949983520809942,0.1596952403412529,1.112386098784794,-0.19641106935414143,2282913.323471818
60,40,-0.3,-0.3,0.0,-0.02,True,1.0,0.2,0.0,2.0,False,0.5,0.4,True,50,True,2,equal,1.0,0.25,2.5,2.5,stop,True,0.0005,0.0005,0.0002,2020-10-18,2025-10-16,,1000000.0,0.2994296014668443,0.268076877349631,1.1108495532115459,-0.30937666404088404,3704791.568649699
60,35,0.0,0.0,0.02,-0.02,True,1.5,0.0,0.02,2.5,False,0.55,0.45,True,45,False,3,inv_vol,1.0,0.3,2.0,3.0,tp,True,0.0005,0.0005,0.0002,2020-10-18,2025-10-16,,1000000.0,0.3986569266635802,0.35940010292657926,1.1092204587054992,-0.3937406723060275,5352491.697425835
55,35,-0.2,-0.2,-0.02,0.02,True,1.0,0.1,0.0,2.0,False,0.45,0.45,False,60,False,3,inv_vol,1.0,0.25,2.0,3.5,tp,True,0.0005,0.0005,0.0002,2020-10-18,2025-10-16,,1000000.0,0.38101689536266337,0.3447187394333999,1.1078364383647958,-0.34202096214739464,5023367.585283416
55,30,0.0,0.0,0.02,0.02,False,1.0,0.2,0.05,2.5,False,0.6,0.4,True,60,False,1,inv_vol,1.0,0.15,3.0,2.5,tp,True,0.0005,0.0005,0.0002,2020-10-18,2025-10-16,,1000000.0,0.12591714303189883,0.112952127250051,1.10657252641912,-0.12154999559653479,1809389.8860147048
65,35,-0.2,-0.3,-0.02,0.02,False,1.2,0.1,0.0,3.0,False,0.55,0.35,True,50,True,2,equal,1.0,0.25,3.0,3.0,tp,True,0.0005,0.0005,0.0002,2020-10-18,2025-10-16,,1000000.0,0.34716975429894603,0.31273446652630627,1.1065581855537687,-0.32714781369649115,4437226.7140173735
55,30,-0.2,0.1,0.02,0.02,True,1.0,0.2,0.05,2.0,False,0.6,0.4,True,45,True,2,equal,1.0,0.25,2.0,3.5,tp,True,0.0005,0.0005,0.0002,2020-10-18,2025-10-16,,1000000.0,0.2898961073237638,0.26094736494993015,1.1052841531269233,-0.23768729700579505,3570866.8836273486
65,25,0.1,-0.3,-0.02,-0.02,True,1.0,0.1,0.05,2.0,True,0.55,0.35,False,50,True,1,equal,1.0,0.3,3.0,3.5,tp,True,0.0005,0.0005,0.0002,2020-10-18,2025-10-16,,1000000.0,0.3206444887745261,0.2878875239329176,1.1052604947809452,-0.36936743836395747,4017257.00462683
65,25,0.0,-0.2,-0.02,-0.02,True,1.5,0.1,0.0,3.0,False,0.45,0.45,False,55,True,3,equal,1.0,0.2,2.0,2.5,tp,True,0.0005,0.0005,0.0002,2020-10-18,2025-10-16,,1000000.0,0.24949975838979066,0.22452178217581095,1.102818223194778,-0.2175757926935581,3045656.2331086486
60,35,-0.2,-0.3,0.02,0.02,True,1.0,0.0,0.02,1.5,False,0.55,0.4,False,45,False,3,inv_vol,1.0,0.15,2.0,2.5,stop,True,0.0005,0.0005,0.0002,2020-10-18,2025-10-16,,1000000.0,0.2299596010090894,0.20703050170054432,1.1022787371739686,-0.23857127601768047,2814843.3752033464
50,35,0.0,-0.2,0.0,-0.02,True,1.5,0.2,0.02,1.5,False,0.45,0.4,True,60,False,2,equal,1.0,0.3,2.0,3.5,stop,True,0.0005,0.0005,0.0002,2020-10-18,2025-10-16,,1000000.0,0.31286237744850776,0.2829489972919206,1.099881067631047,-0.311953241130695,3900282.0553198243
60,25,-0.3,-0.2,0.0,0.02,False,2.0,0.0,0.0,1.5,False,0.45,0.35,True,45,True,3,equal,1.0,0.3,3.0,3.5,stop,True,0.0005,0.0005,0.0002,2020-10-18,2025-10-16,,1000000.0,0.39140105684320914,0.3578770829551128,1.0971235744831618,-0.3918631205666301,5215088.039601459
65,35,0.0,0.1,0.02,0.0,True,1.0,0.2,0.0,1.5,False,0.6,0.35,True,60,True,2,inv_vol,1.0,0.15,3.0,3.5,tp,True,0.0005,0.0005,0.0002,2020-10-18,2025-10-16,,1000000.0,0.16036519543137784,0.1451625482229793,1.0968947756128329,-0.15977573521426247,2103649.9260973483
50,25,0.1,-0.3,-0.02,0.0,True,1.5,0.0,0.02,2.0,False,0.55,0.45,True,45,True,2,equal,1.0,0.25,2.0,3.0,stop,True,0.0005,0.0005,0.0002,2020-10-18,2025-10-16,,1000000.0,0.31677975117455737,0.2884420171017339,1.0950322554232599,-0.36161966571326987,3958819.471737923
55,30,-0.3,-0.3,-0.02,0.02,True,1.0,0.2,0.05,1.5,False,0.55,0.35,True,50,True,1,equal,1.0,0.15,2.5,3.5,stop,True,0.0005,0.0005,0.0002,2020-10-18,2025-10-16,,1000000.0,0.14406562940259393,0.13067346167609112,1.0940834455787065,-0.15884823567658923,1959993.7772306765
55,35,-0.2,0.1,-0.02,-0.02,True,1.2,0.2,0.02,2.0,False,0.6,0.35,False,60,False,3,inv_vol,1.0,0.3,3.0,3.5,stop,True,0.0005,0.0005,0.0002,2020-10-18,2025-10-16,,1000000.0,0.3832916598383964,0.35277510199974466,1.092817829006006,-0.4199758548357442,5064875.710541862
55,40,0.1,-0.3,0.0,0.0,True,1.0,0.1,0.05,2.0,False,0.6,0.4,False,55,True,2,inv_vol,1.0,0.25,2.0,2.5,stop,True,0.0005,0.0005,0.0002,2020-10-18,2025-10-16,,1000000.0,0.3019432158901767,0.2763073481454024,1.0899455034066912,-0.2634926696041753,3740763.179273692
50,30,0.1,0.1,0.0,-0.02,True,1.0,0.0,0.02,2.0,False,0.45,0.4,False,45,True,1,equal,1.0,0.25,2.0,3.5,tp,True,0.0005,0.0005,0.0002,2020-10-18,2025-10-16,,1000000.0,0.2485095261146404,0.22702519608925403,1.0877672980572033,-0.21096442365232604,3033606.8884130283
50,35,-0.3,0.0,-0.02,0.02,True,1.5,0.0,0.05,2.0,False,0.55,0.4,False,60,True,1,equal,1.0,0.2,2.0,3.5,stop,True,0.0005,0.0005,0.0002,2020-10-18,2025-10-16,,1000000.0,0.167063766176766,0.15252597270773882,1.087601380773932,-0.14217512166779356,2165074.9171370734
65,30,0.1,-0.2,-0.02,0.02,True,1.5,0.0,0.0,1.5,False,0.45,0.4,False,50,False,2,inv_vol,1.0,0.3,3.0,2.5,stop,True,0.0005,0.0005,0.0002,2020-10-18,2025-10-16,,1000000.0,0.3310063716123932,0.30710229913940856,1.0827844524624268,-0.36752110970808594,4177348.1546186223
60,30,-0.2,0.1,-0.02,0.0,True,1.0,0.0,0.0,2.0,False,0.45,0.35,False,50,False,3,equal,1.0,0.3,3.0,3.5,stop,True,0.0005,0.0005,0.0002,2020-10-18,2025-10-16,,1000000.0,0.48037619592033654,0.4581886015122665,1.0827147916784545,-0.5205439138921071,7109850.447904479
55,30,-0.2,0.1,0.0,0.02,True,1.0,0.1,0.0,2.5,False,0.6,0.45,True,50,False,3,inv_vol,1.0,0.2,2.0,3.5,tp,True,0.0005,0.0005,0.0002,2020-10-18,2025-10-16,,1000000.0,0.32076797520882083,0.298097732953794,1.0810581784408853,-0.36536077699947755,4019135.5174553352
60,25,-0.2,0.1,0.02,0.0,True,1.2,0.1,0.0,1.5,False,0.6,0.4,False,55,True,2,inv_vol,1.0,0.15,3.0,3.0,stop,True,0.0005,0.0005,0.0002,2020-10-18,2025-10-16,,1000000.0,0.1834142500863687,0.16885108620620645,1.0807375620201418,-0.14518032766089317,2321047.2023970527
55,40,-0.2,0.1,0.02,-0.02,True,1.0,0.2,0.0,1.5,False,0.6,0.45,False,45,False,3,inv_vol,1.0,0.2,2.5,3.0,tp,True,0.0005,0.0005,0.0002,2020-10-18,2025-10-16,,1000000.0,0.27577174874465427,0.2554772120329527,1.0795761211339947,-0.30696781988989885,3379596.903749472
60,30,0.0,0.0,-0.02,0.0,False,1.0,0.1,0.0,3.0,False,0.45,0.4,True,55,True,1,inv_vol,1.0,0.3,2.5,2.5,stop,True,0.0005,0.0005,0.0002,2020-10-18,2025-10-16,,1000000.0,0.25113998968107776,0.23341278901181506,1.0764098822952703,-0.28487410718107053,3065699.1076736357
65,25,0.0,-0.2,0.0,0.02,True,1.0,0.2,0.0,3.0,False,0.5,0.35,True,45,True,3,equal,1.0,0.15,2.5,2.5,tp,True,0.0005,0.0005,0.0002,2020-10-18,2025-10-16,,1000000.0,0.20281653022642643,0.18802501486673495,1.076348859036344,-0.20512289014028584,2517659.1870245347
65,35,-0.2,0.1,-0.02,0.02,False,1.0,0.0,0.05,1.5,False,0.55,0.4,True,50,False,2,equal,1.0,0.2,2.5,3.5,stop,True,0.0005,0.0005,0.0002,2020-10-18,2025-10-16,,1000000.0,0.23712301881388265,0.21978536142037827,1.0761868215954042,-0.3440371765384217,2897773.5158050554
50,30,-0.3,-0.3,0.0,0.0,True,1.0,0.2,0.05,3.0,False,0.45,0.45,False,50,True,2,inv_vol,1.0,0.25,3.0,3.5,stop,True,0.0005,0.0005,0.0002,2020-10-18,2025-10-16,,1000000.0,0.35179825719966895,0.3299275679841375,1.075783401878322,-0.29761250486952096,4513977.718048216
50,35,0.0,-0.3,0.02,-0.02,True,1.5,0.2,0.0,3.0,False,0.55,0.35,False,60,False,1,inv_vol,1.0,0.25,3.0,3.5,tp,True,0.0005,0.0005,0.0002,2020-10-18,2025-10-16,,1000000.0,0.18957603487983654,0.1764001503890721,1.0724388358483354,-0.2262240151694629,2382105.718438381
55,25,-0.3,-0.2,-0.02,-0.02,True,1.0,0.1,0.05,2.0,False,0.5,0.35,True,45,True,1,inv_vol,1.0,0.3,2.0,3.5,tp,True,0.0005,0.0005,0.0002,2020-10-18,2025-10-16,,1000000.0,0.285659870661068,0.2661904213325726,1.0719698225773273,-0.290797523764062,3512614.1165530845
65,30,-0.3,-0.3,0.02,0.0,True,1.5,0.2,0.0,2.0,False,0.45,0.45,True,50,False,2,inv_vol,1.0,0.25,3.0,2.5,tp,True,0.0005,0.0005,0.0002,2020-10-18,2025-10-16,,1000000.0,0.27442188786834887,0.25701194292142926,1.0703661356789407,-0.3009807581900682,3361755.381490051
55,35,0.0,0.1,0.0,-0.02,True,1.5,0.2,0.02,1.5,False,0.5,0.35,False,55,False,2,equal,1.0,0.25,2.0,3.5,tp,True,0.0005,0.0005,0.0002,2020-10-18,2025-10-16,,1000000.0,0.28204464525195894,0.2635629956017488,1.06986725649412,-0.29837217715883657,3463504.413982874
60,30,0.1,-0.2,0.0,0.0,True,1.2,0.0,0.0,1.5,False,0.45,0.45,True,60,False,1,equal,1.0,0.2,2.5,2.5,tp,True,0.0005,0.0005,0.0002,2020-10-18,2025-10-16,,1000000.0,0.1276678701458589,0.118905321466578,1.069866523269142,-0.14666874298199528,1823501.1133029384
60,40,-0.2,0.0,0.0,0.02,True,1.2,0.1,0.0,2.0,False,0.6,0.45,True,50,True,2,inv_vol,1.0,0.2,3.0,2.5,stop,True,0.0005,0.0005,0.0002,2020-10-18,2025-10-16,,1000000.0,0.23854763781168686,0.22354895090799082,1.0690400754407205,-0.2058535636370179,2914496.7594582154
65,35,-0.3,-0.3,0.02,0.02,True,1.2,0.0,0.0,3.0,False,0.5,0.45,True,45,False,1,inv_vol,1.0,0.2,3.0,3.5,stop,True,0.0005,0.0005,0.0002,2020-10-18,2025-10-16,,1000000.0,0.1676997586615081,0.1572647891192778,1.0646613778510299,-0.1560985866122756,2170980.6482456992
50,40,-0.2,-0.2,0.02,0.02,False,1.2,0.1,0.05,2.0,False,0.6,0.4,False,50,False,1,equal,1.0,0.3,3.0,3.0,tp,True,0.0005,0.0005,0.0002,2020-10-18,2025-10-16,,1000000.0,0.24824202061116374,0.23406357346882467,1.064593823572169,-0.30154361120512974,3030358.379495079
60,40,0.1,-0.3,0.02,-0.02,True,1.0,0.0,0.02,3.0,False,0.45,0.35,True,50,False,3,inv_vol,1.0,0.3,3.0,3.5,tp,True,0.0005,0.0005,0.0002,2020-10-18,2025-10-16,,1000000.0,0.4821745652468694,0.4766634031862213,1.0640309831286616,-0.5088681729474029,7153140.930757747
55,40,-0.2,-0.2,-0.02,-0.02,True,2.0,0.1,0.0,1.5,False,0.6,0.4,True,55,False,3,inv_vol,1.0,0.15,2.0,2.5,stop,True,0.0005,0.0005,0.0002,2020-10-18,2025-10-16,,1000000.0,0.1410525421722595,0.13208059383478096,1.0638399342640381,-0.09737138335075302,1934319.5197508489
65,35,-0.2,-0.2,0.0,-0.02,True,1.2,0.0,0.05,1.5,False,0.6,0.4,True,45,True,1,inv_vol,1.0,0.15,3.0,3.5,tp,True,0.0005,0.0005,0.0002,2020-10-18,2025-10-16,,1000000.0,0.11350073223112278,0.10672723274171399,1.060757910572944,-0.18950589099453352,1711798.0794999413
50,35,-0.2,-0.3,-0.02,-0.02,True,1.2,0.1,0.05,2.0,False,0.6,0.4,True,50,True,2,equal,1.0,0.25,2.0,2.5,tp,True,0.0005,0.0005,0.0002,2020-10-18,2025-10-16,,1000000.0,0.29136403574700087,0.276527095879169,1.060429484067059,-0.3164044759283028,3591231.783754526
65,25,0.0,0.1,0.0,0.0,True,1.0,0.2,0.02,1.5,False,0.45,0.35,True,55,False,3,inv_vol,1.0,0.2,2.0,3.5,tp,True,0.0005,0.0005,0.0002,2020-10-18,2025-10-16,,1000000.0,0.23591717488089903,0.22375287587220727,1.0577842598754246,-0.29220672812435144,2883678.484966205
50,40,-0.3,-0.2,0.0,0.02,True,1.2,0.0,0.0,1.5,False,0.5,0.45,True,60,True,2,inv_vol,1.0,0.2,2.0,3.5,stop,True,0.0005,0.0005,0.0002,2020-10-18,2025-10-16,,1000000.0,0.23294093115307613,0.22090915079640688,1.0571567941691653,-0.26009938631397533,2849124.010040584
60,25,-0.2,-0.3,-0.02,-0.02,True,1.2,0.0,0.05,2.0,False,0.55,0.45,True,50,False,1,inv_vol,1.0,0.2,2.0,2.5,stop,True,0.0005,0.0005,0.0002,2020-10-18,2025-10-16,,1000000.0,0.19093707363433254,0.18059293322347209,1.0558694242271711,-0.18150239001089885,2395764.221563978
50,30,-0.2,-0.2,-0.02,0.02,True,2.0,0.2,0.0,2.5,False,0.6,0.4,True,45,True,3,equal,1.0,0.25,3.0,3.5,tp,True,0.0005,0.0005,0.0002,2020-10-18,2025-10-16,,1000000.0,0.3171578828820767,0.3036911482920182,1.0555105262545632,-0.32363657356724496,3964506.888921353
65,25,0.0,0.1,0.02,-0.02,True,1.5,0.2,0.0,1.5,False,0.45,0.4,True,55,True,3,inv_vol,1.0,0.3,2.0,2.5,stop,True,0.0005,0.0005,0.0002,2020-10-18,2025-10-16,,1000000.0,0.3051652785652228,0.2910284623929016,1.0554827401606646,-0.32289281032522665,3787281.256028325
55,35,0.1,0.1,0.02,0.02,False,1.2,0.0,0.0,2.5,False,0.55,0.4,True,55,False,2,equal,1.0,0.25,3.0,3.0,stop,True,0.0005,0.0005,0.0002,2020-10-18,2025-10-16,,1000000.0,0.3292187319287112,0.31655211926138394,1.054698464944317,-0.29563635509295083,4149370.9737480893
65,40,0.1,-0.2,0.02,0.02,True,1.0,0.0,0.0,2.5,False,0.5,0.4,True,50,False,1,inv_vol,1.0,0.15,2.5,3.0,tp,True,0.0005,0.0005,0.0002,2020-10-18,2025-10-16,,1000000.0,0.13243722274541114,0.1254592926944144,1.0530074394337356,-0.1515259352963847,1862390.2100709174
65,40,-0.2,0.1,0.0,0.0,True,1.2,0.0,0.05,2.0,False,0.6,0.45,True,60,True,1,inv_vol,1.0,0.15,2.5,3.5,tp,True,0.0005,0.0005,0.0002,2020-10-18,2025-10-16,,1000000.0,0.09693810988659579,0.09189327437812181,1.0527101666551741,-0.10044481645180958,1588219.8700953696
55,35,-0.3,-0.3,0.0,0.0,True,1.5,0.0,0.0,2.5,False,0.6,0.45,True,55,False,3,equal,1.0,0.3,2.0,2.5,stop,True,0.0005,0.0005,0.0002,2020-10-18,2025-10-16,,1000000.0,0.3866190054798688,0.3767181910729782,1.0520144438256687,-0.30385812790950206,5126084.281816319
60,25,0.0,-0.3,-0.02,0.02,True,1.5,0.2,0.02,3.0,False,0.55,0.4,True,50,False,3,equal,1.0,0.15,3.0,3.5,tp,True,0.0005,0.0005,0.0002,2020-10-18,2025-10-16,,1000000.0,0.22904724570605794,0.21877310411693865,1.0509372117683382,-0.2861396487421276,2804418.926566718
50,40,0.0,-0.3,0.0,0.02,True,1.5,0.1,0.02,1.5,False,0.55,0.45,True,60,False,3,inv_vol,1.0,0.3,2.0,3.0,tp,True,0.0005,0.0005,0.0002,2020-10-18,2025-10-16,,1000000.0,0.3121311673045333,0.3005506915095182,1.050828134138515,-0.348132869743897,3889432.666948512
65,35,-0.3,0.0,0.02,0.02,True,1.2,0.0,0.0,1.5,False,0.55,0.35,True,55,True,2,inv_vol,1.0,0.25,2.0,3.5,tp,True,0.0005,0.0005,0.0002,2020-10-18,2025-10-16,,1000000.0,0.2394284387037351,0.2297738398180035,1.0479447968751499,-0.2730581819811898,2924874.822726535
50,30,0.0,0.1,-0.02,0.0,True,1.0,0.2,0.02,1.5,False,0.5,0.45,True,45,False,1,inv_vol,1.0,0.25,2.5,2.5,stop,True,0.0005,0.0005,0.0002,2020-10-18,2025-10-16,,1000000.0,0.18798685640752177,0.18001363887319355,1.046942249477329,-0.27013375861204214,2366236.660787589
55,25,-0.3,0.1,-0.02,0.0,True,1.0,0.1,0.02,1.5,False,0.55,0.4,True,45,False,2,inv_vol,1.0,0.15,2.0,3.0,stop,True,0.0005,0.0005,0.0002,2020-10-18,2025-10-16,,1000000.0,0.19285593493762931,0.18445584314297886,1.0466524863397204,-0.18366609429099023,2415127.029429411
50,25,-0.2,-0.2,0.02,0.0,False,1.0,0.0,0.02,1.5,False,0.5,0.4,False,55,False,1,inv_vol,1.0,0.15,2.5,3.0,stop,True,0.0005,0.0005,0.0002,2020-10-18,2025-10-16,,1000000.0,0.12975582997778856,0.12415148785864286,1.0437386011087413,-0.12253337476606241,1840445.4754670535
65,40,0.1,-0.2,-0.02,0.0,True,1.5,0.0,0.0,2.5,False,0.55,0.45,False,50,False,1,equal,1.0,0.15,3.0,2.5,stop,True,0.0005,0.0005,0.0002,2020-10-18,2025-10-16,,1000000.0,0.11898598315975417,0.11392217764451275,1.0436144883611185,-0.1189682859193052,1754378.2403728592
50,40,0.0,0.1,-0.02,0.02,True,1.0,0.0,0.05,1.5,False,0.55,0.35,True,45,False,3,inv_vol,1.0,0.25,2.0,3.5,stop,True,0.0005,0.0005,0.0002,2020-10-18,2025-10-16,,1000000.0,0.3296536442074991,0.3233178911988637,1.0432540893818945,-0.41592036556564804,4156163.6619836004
65,40,-0.3,0.1,-0.02,-0.02,True,1.0,0.0,0.05,2.5,False,0.45,0.4,True,55,True,1,equal,1.0,0.15,3.0,2.5,tp,True,0.0005,0.0005,0.0002,2020-10-18,2025-10-16,,1000000.0,0.11847622398471302,0.11393703326151007,1.039591856758668,-0.12599763457516922,1750385.8044768835
50,25,0.0,0.0,0.02,0.0,True,1.0,0.2,0.05,2.0,False,0.5,0.45,False,50,False,1,equal,1.0,0.3,2.0,3.5,tp,True,0.0005,0.0005,0.0002,2020-10-18,2025-10-16,,1000000.0,0.2705530102948268,0.2622032779642379,1.0392194699391746,-0.2915680330040358,3311036.341032011
60,25,-0.3,-0.3,-0.02,0.0,True,1.5,0.2,0.02,2.0,True,0.5,0.45,True,45,True,1,inv_vol,1.0,0.3,2.0,3.5,tp,True,0.0005,0.0005,0.0002,2020-10-18,2025-10-16,,1000000.0,0.2834632012915401,0.2766630222548165,1.0366497100649499,-0.4428517394651964,3482708.3466005796
60,35,-0.3,0.0,0.0,0.0,True,1.0,0.1,0.02,2.5,False,0.6,0.45,True,55,True,1,inv_vol,1.0,0.2,2.5,2.5,stop,True,0.0005,0.0005,0.0002,2020-10-18,2025-10-16,,1000000.0,0.1628689511330197,0.1575763543128304,1.036277267618432,-0.13864063516283032,2126443.630445954
55,25,-0.3,0.1,-0.02,0.0,True,1.0,0.1,0.0,2.5,False,0.5,0.45,True,55,True,3,inv_vol,1.0,0.2,3.0,3.5,tp,True,0.0005,0.0005,0.0002,2020-10-18,2025-10-16,,1000000.0,0.3056404724490245,0.30086434778300825,1.0352192084787286,-0.30225699978860876,3794180.7801190508
60,25,-0.2,-0.2,-0.02,0.0,True,1.0,0.1,0.02,2.5,False,0.5,0.45,True,55,False,3,equal,1.0,0.15,2.5,2.5,tp,True,0.0005,0.0005,0.0002,2020-10-18,2025-10-16,,1000000.0,0.20812823049515883,0.2025919687941489,1.0346959560456699,-0.25391529203347474,2573742.910347408
55,40,-0.2,-0.3,0.02,0.0,True,1.2,0.1,0.02,2.0,False,0.55,0.45,True,45,True,1,equal,1.0,0.3,2.0,2.5,stop,True,0.0005,0.0005,0.0002,2020-10-18,2025-10-16,,1000000.0,0.2664861920443351,0.2599929515999113,1.034166487013565,-0.2677463369608938,3258384.237162928
55,25,-0.3,-0.3,0.0,0.02,False,1.0,0.1,0.02,2.0,True,0.55,0.45,False,55,True,1,inv_vol,1.0,0.15,3.0,3.5,stop,True,0.0005,0.0005,0.0002,2020-10-18,2025-10-16,,1000000.0,0.15434826092680032,0.1495226124585853,1.03380165412466,-0.1823274056161368,2049671.512038267
60,30,-0.2,0.1,-0.02,0.0,True,1.5,0.0,0.02,2.0,False,0.55,0.45,False,60,True,1,equal,1.0,0.15,2.0,3.0,stop,True,0.0005,0.0005,0.0002,2020-10-18,2025-10-16,,1000000.0,0.11535527150256208,0.11156238454070182,1.0335354894440953,-0.07601730901277304,1726100.6699752584
60,40,-0.3,0.1,0.0,0.0,True,1.0,0.0,0.02,1.5,False,0.5,0.45,True,55,True,3,inv_vol,1.0,0.25,2.5,2.5,tp,True,0.0005,0.0005,0.0002,2020-10-18,2025-10-16,,1000000.0,0.3094415468827889,0.3055480895040409,1.0331895460147609,-0.396266948657363,3849732.753285548
65,25,0.1,0.0,0.02,0.02,False,1.0,0.1,0.02,2.0,True,0.45,0.45,True,45,True,1,inv_vol,1.0,0.25,2.5,3.0,stop,True,0.0005,0.0005,0.0002,2020-10-18,2025-10-16,,1000000.0,0.22907648539035774,0.22325613223434446,1.0327594340823483,-0.27405854747291225,2804752.535490618
65,30,0.0,-0.2,0.02,0.02,True,1.5,0.0,0.0,2.5,False,0.5,0.4,True,60,False,2,inv_vol,1.0,0.15,3.0,3.0,tp,True,0.0005,0.0005,0.0002,2020-10-18,2025-10-16,,1000000.0,0.14547560033115725,0.1414452006998578,1.0308031984825827,-0.16400793297525051,1972101.2746163483
65,35,-0.3,-0.3,0.02,-0.02,False,1.0,0.2,0.02,2.5,False,0.55,0.35,True,45,True,1,equal,1.0,0.25,2.5,2.5,tp,True,0.0005,0.0005,0.0002,2020-10-18,2025-10-16,,1000000.0,0.1996293245630345,0.1951556037125363,1.029589853571846,-0.164284435260184,2484479.2106130803
60,40,0.0,0.1,-0.02,0.0,True,1.2,0.1,0.0,1.5,False,0.6,0.45,True,50,True,2,equal,1.0,0.3,2.5,2.5,tp,True,0.0005,0.0005,0.0002,2020-10-18,2025-10-16,,1000000.0,0.29763621230838355,0.29607123101757166,1.0278304229063908,-0.317152059120804,3679296.464068277
50,40,0.0,-0.2,-0.02,0.02,False,1.0,0.1,0.0,2.5,False,0.55,0.4,True,55,True,1,equal,1.0,0.25,3.0,3.0,stop,True,0.0005,0.0005,0.0002,2020-10-18,2025-10-16,,1000000.0,0.22437280539295323,0.22022305757872002,1.0266178048180528,-0.2012881403884329,2751492.7605525185
65,40,0.0,0.0,0.02,-0.02,False,1.0,0.2,0.0,3.0,False,0.55,0.35,True,60,False,3,equal,1.0,0.2,3.0,3.5,tp,True,0.0005,0.0005,0.0002,2020-10-18,2025-10-16,,1000000.0,0.2583144853138992,0.2563353028296986,1.0245430814788061,-0.20470292856166117,3154612.2138140253
65,40,0.0,0.0,0.02,0.02,False,1.5,0.0,0.0,2.0,False,0.6,0.4,True,50,False,2,equal,1.0,0.25,2.5,2.5,stop,True,0.0005,0.0005,0.0002,2020-10-18,2025-10-16,,1000000.0,0.25402164988445386,0.2524570258797135,1.0207899469849617,-0.28199379093491617,3101167.1282266025
60,35,0.1,-0.3,0.02,0.0,True,1.0,0.0,0.02,2.0,False,0.5,0.4,True,55,True,2,inv_vol,1.0,0.2,3.0,2.5,stop,True,0.0005,0.0005,0.0002,2020-10-18,2025-10-16,,1000000.0,0.22041976793329465,0.2185995488942792,1.0205021355903088,-0.2507532067877236,2707360.995967232
65,35,-0.3,0.1,0.02,-0.02,True,1.0,0.2,0.0,1.5,False,0.55,0.4,True,50,False,1,inv_vol,1.0,0.25,2.0,3.0,stop,True,0.0005,0.0005,0.0002,2020-10-18,2025-10-16,,1000000.0,0.22351316851543546,0.22060747661583482,1.0189659819855799,-0.1766240710531466,2741847.1460185805
50,40,0.1,-0.3,-0.02,0.02,True,1.2,0.2,0.0,1.5,False,0.55,0.4,True,55,False,1,inv_vol,1.0,0.15,3.0,3.5,stop,True,0.0005,0.0005,0.0002,2020-10-18,2025-10-16,,1000000.0,0.11840485794054678,0.11687336250313178,1.016114904417756,-0.13068518579233968,1749827.445846649
65,40,-0.3,-0.3,0.0,0.0,True,1.0,0.1,0.05,2.0,False,0.5,0.35,True,45,False,1,equal,1.0,0.2,2.0,3.5,tp,True,0.0005,0.0005,0.0002,2020-10-18,2025-10-16,,1000000.0,0.17865278005503704,0.17689831499346256,1.0153284589679952,-0.1852518899131591,2274727.7434935276
60,35,0.0,0.1,-0.02,-0.02,False,1.2,0.1,0.0,2.0,False,0.6,0.45,False,50,False,2,inv_vol,1.0,0.25,2.0,2.5,stop,True,0.0005,0.0005,0.0002,2020-10-18,2025-10-16,,1000000.0,0.2758973216542402,0.27784552746371527,1.0135237987052887,-0.2987256533613488,3381260.482554996
50,40,0.1,0.0,0.02,0.0,True,1.2,0.0,0.02,1.5,False,0.5,0.35,False,50,False,3,equal,1.0,0.3,2.5,3.0,stop,True,0.0005,0.0005,0.0002,2020-10-18,2025-10-16,,1000000.0,0.37716055338510457,0.3899781830415977,1.0129391281504376,-0.5395038034231866,4953622.104458337
50,25,0.1,-0.2,-0.02,-0.02,True,1.5,0.0,0.0,2.5,True,0.55,0.45,True,55,False,2,inv_vol,1.0,0.3,2.0,3.0,tp,True,0.0005,0.0005,0.0002,2020-10-18,2025-10-16,,1000000.0,0.34205600536211334,0.350495110610398,1.0126396752901796,-0.36003751170002907,4353646.858658203
50,40,0.0,-0.3,0.0,0.02,True,1.5,0.0,0.0,3.0,False,0.45,0.35,True,45,True,1,equal,1.0,0.3,3.0,2.5,stop,True,0.0005,0.0005,0.0002,2020-10-18,2025-10-16,,1000000.0,0.2381824880859016,0.2392519384462516,1.0124395687539003,-0.2784904622021366,2910203.019226117
60,25,-0.3,0.1,-0.02,0.0,False,1.5,0.0,0.0,3.0,False,0.45,0.4,True,50,True,2,equal,1.0,0.25,2.5,3.0,stop,True,0.0005,0.0005,0.0002,2020-10-18,2025-10-16,,1000000.0,0.25654858953117143,0.25854665065940574,1.011884676883413,-0.3116600906115776,3132538.6276335963
55,35,0.1,0.1,0.0,-0.02,True,1.5,0.2,0.02,3.0,False,0.6,0.4,True,60,True,3,equal,1.0,0.2,2.0,3.5,stop,True,0.0005,0.0005,0.0002,2020-10-18,2025-10-16,,1000000.0,0.21541999157918545,0.21562604203331334,1.0111999287671918,-0.2625836638952602,2652356.3821817497
50,40,0.0,0.0,-0.02,0.02,True,1.0,0.0,0.0,2.5,False,0.6,0.35,True,45,False,3,equal,1.0,0.15,2.0,2.5,stop,True,0.0005,0.0005,0.0002,2020-10-18,2025-10-16,,1000000.0,0.21728960409259446,0.21836582593809806,1.009848273702007,-0.1985768867912746,2672819.0952060525
55,25,-0.3,0.1,-0.02,0.02,True,1.5,0.2,0.0,2.0,True,0.6,0.4,True,50,False,2,equal,1.0,0.25,2.0,3.0,stop,True,0.0005,0.0005,0.0002,2020-10-18,2025-10-16,,1000000.0,0.29873475028486274,0.3043125046681104,1.0093116454199975,-0.3878308674755203,3694896.7380537745
65,30,0.1,-0.2,-0.02,-0.02,True,1.0,0.2,0.02,1.5,False,0.6,0.35,False,55,True,3,inv_vol,1.0,0.15,3.0,3.0,stop,True,0.0005,0.0005,0.0002,2020-10-18,2025-10-16,,1000000.0,0.19653738487957262,0.19691487647394998,1.0084311599275757,-0.22098456917760145,2452626.1915429384
55,30,-0.3,0.0,0.0,0.02,False,2.0,0.0,0.0,1.5,False,0.5,0.45,False,55,True,2,inv_vol,1.0,0.3,3.0,3.5,stop,True,0.0005,0.0005,0.0002,2020-10-18,2025-10-16,,1000000.0,0.30018060017267745,0.3051515548687763,1.006933621197046,-0.3026049932113204,3715509.7774482775
55,35,-0.2,-0.2,0.02,0.02,False,1.0,0.1,0.02,2.5,False,0.55,0.35,True,50,False,1,equal,1.0,0.15,3.0,3.0,tp,True,0.0005,0.0005,0.0002,2020-10-18,2025-10-16,,1000000.0,0.13743964658862184,0.13715472798717848,1.0067504286926021,-0.13344871284055615,1903889.8112586106
65,35,-0.2,0.1,-0.02,0.0,True,1.0,0.2,0.0,2.0,False,0.55,0.45,False,50,True,3,inv_vol,1.0,0.15,2.5,2.5,stop,True,0.0005,0.0005,0.0002,2020-10-18,2025-10-16,,1000000.0,0.1631002662895451,0.1641433830989438,1.002510356093671,-0.15655702521845627,2128559.407835803
65,30,0.0,0.0,0.02,0.0,False,2.0,0.0,0.0,1.5,False,0.55,0.35,True,45,True,2,equal,1.0,0.3,2.0,3.0,stop,True,0.0005,0.0005,0.0002,2020-10-18,2025-10-16,,1000000.0,0.25407752396358485,0.25756142116606084,1.0024460206590868,-0.35675880711234476,3101858.0664534825
55,40,0.1,-0.2,0.02,-0.02,False,1.5,0.2,0.0,2.5,False,0.45,0.45,False,60,True,2,inv_vol,1.0,0.25,2.0,3.5,tp,True,0.0005,0.0005,0.0002,2020-10-18,2025-10-16,,1000000.0,0.21933778222098232,0.22237804207431652,1.0022416769535922,-0.26982776316362744,2695380.952299856
65,40,0.1,0.1,-0.02,0.0,True,1.5,0.1,0.0,2.0,False,0.45,0.35,True,45,True,2,equal,1.0,0.15,3.0,3.0,tp,True,0.0005,0.0005,0.0002,2020-10-18,2025-10-16,,1000000.0,0.17243093783497354,0.1734856715559067,1.0020218305135613,-0.23593910205010815,2215319.395800074
55,40,-0.2,0.1,0.0,0.0,False,2.0,0.0,0.0,2.0,False,0.6,0.45,True,45,True,3,inv_vol,1.0,0.25,2.5,3.5,tp,True,0.0005,0.0005,0.0002,2020-10-18,2025-10-16,,1000000.0,0.27876545142296205,0.2856446116345041,1.000691729888394,-0.37362843300261517,3419435.938382669
